Full Name,Email,Phone,University,Department/Major
Mehak Sabir,mehaksabir2004@gmail.com,+923184785046,Virtual university,BBA
Maham,mahammehboob5@gmail.com,+923416988009,University of Punjab Gujranwala campus,BBA hons (Marketing)
Mohammad Adnan,adnanahmad8674@gmail.com,+923240560019,Other / Not Listed,Allied Health Sciences
Areesha Jabeen,areeshajabeen12@gmail.com,+923293054671,Bahria University,Business Analytics
mehak Ali,mehaksikandar17@gmail.com,+923273696057,Bahria University,Finance
Muhammad Shah,m.shahafridi52@gmail.com,+923092777611,Information Technology University,Computer science
Danish,danishparmar093@gmail.com,+923700249709,University of Sindh (UOS),Bs Accounting and Finance
HAMMAD BUTT,ammarfaisalbuttgee123@gmail.com,+923175200991,National University of Modern Languages (NUML),Computer Science
MUHAMMAD ZARYAB KHAN,muhammadzaryabkhan21@gmail.com,+923128517149,Air University,Computer Science
Rimsha Nayab,nayabrimsha31@gmail.com,+923183531421,Bahria University,Management Studies
Shazia Bibi,okashamalik207@gmail.com,+923281595871,University of Mianwali,Computer Science
Saba Jamshaid,sabajamshaid945@gmail.com,+923467754755,National University of Modern Languages (NUML),Bs English
Dua Malik,fa24b1-se-034@fjwu.edu.pk,+923350500431,Fatima Jinnah Women University (FJWU),Software Engineering
Sami ullah,raosamilarr09@gmail.com,+923225635086,Muhammad Nawaz Sharif University of Agriculture (Multan) (MNSUAM),Bs computer science
Saamia Dua,saamiadua96@gmail.com,+923026150969,University of Mianwali,Mphil English Linguistics
Riffat Yasmeen,anasktk246@gmail.com,+923363954923,National University of Pakistan(NUP),Computer science
Mohsin Ullah,mohsinullah743@gmail.com,+923465111245,COMSATS University (Islamabad) Abbottabad Campus,Computer Science
MUSHTAQ AHMED,mushtaq12294@gmail.com,+923069410762,University of Mianwali,Computer science
Khadeeja taj,khadijataj116@gmail.com,+923285819449,"International Islamic University, Islamabad (IIUI)",Computer science
Ambar,ambardahri199@gmail.com,+923297093480,Shaheed Benazir Bhutto University (SBBU),BS IT
Uzair Anwar,uzairranwar@gmail.com,+923017518594,University of Mianwali,Computer Science
Jalal Khan,jalalkhan36900@gmail.com,+923120382831,Abdul Wali Khan University Mardan (AWKUM),BCS
Ayesha khan,wahajmarwat23@gmail.com,+923335403503,National University of Modern Languages (NUML),Computer engineering
Abdul Mouiz,abdulmouiz.bbaf24@iba-suk.edu.pk,+923483064422,Sukkur Institute of Business Administration (Sukkur IBA University),Business Administration
Maira Rizwan,mairarizwanullahkhan@gmail.com,+923342974111,Fatima Jinnah Women University (FJWU),Software Engineering
Misbah Hussain,misbahhussain434@gmail.com,+923444718005,Minhaj University Lahore,Computer Science
MUHAMMAD ZAEEM FAYYAZ,zaeemfayyaz18@gmail.com,+923177180090,The Islamia University of Bahawalpur (IUB),Artificial Intelligence
Attia Moeen,attiamoeen804@gmail.com,+923169686328,Numl,Electrical engineering in robotics and intelligent system
Kiran Shehzadi,shehzadik611@gmail.com,+923347965089,Government College Women University Sialkot,BS IT
Bilal Ahmed,wadhobilal7@gmail.com,+923463060458,Sindh Madressatul Islam University (SMIU),Computer Science
Nida Eman,nidae387@gmail.com,+923287970352,University of Mianwali,Computer Science
Jotish Kumar,jotish.kumar1228@gmail.com,+923033958595,Sindh Agriculture University,Information Technology
Nida Eman,nidae387@gmail.com,+923287970352,University of Mianwali,Computer Science
Rehan Ilyas,rehanilyas20196@gmail.com,+923101515568,Bahria University,Computer Science
Umm E Tooba,ummetooba0300@gmail.com,+923175334405,Bahria University,BBA
Muhammad Usman,usmanhussnain@gmail.com,+923056191082,Government College University (GCU),BS-IT
TAHIR AZAD,khantahirazad@gmail.com,+923109559039,Khushal khan khattak university karak,Computer science
Amina Khan,aminaseo29@gmail.com,+923307345325,Khwaja Fareed University of Engineering & Information Technology (KFUEIT),BSCS
Safia bibi,bibisafia823@gmail.com,+923078166063,Rawalpindi Woman University,BSIT
Syed Abdullah Haider Gardezi,abdullahhaidergardezi118@gmail.com,+923046365126,Virtual University of Pakistan,Software engineering
Muhammad Arham Ali,arhamakhan798@gmail.com,+923198444126,Highbrow college,Pre Engineering
Masooma Fatima,ainulhudachand@gmail.com,+923054808730,The Women University (Multan),Bs IT
Najma tus Sahar,2026.saharr@gmail.com,+923408700505,Jinnah University for Women,Data Science
Rabia Rashid,rabiadhillon142009@gmail.com,+923366676366,University of Narrowal,Computer science
Hadia Islam,thisisnothadiya16@gmail.com,+923204819775,COMSATS University (Islamabad),Computer Science
MUSHTAQ AHMED,mushtaq12294@gmail.com,+923069410762,University of Mianwali,CS
Pakeza Fayyaz,pakezagraphics@gmail.com,+923295104379,Virtual University of Pakistan,Bs computer Science
Atif Hussain,atifhuss773@gmail.com,+923128909432,Karakoram International University,CS Data science
Muhammad Azeem Khan,azeemdurrani2005@gmail.com,+923267098690,NED University of Engineering and Technology (NEDUET),Textile Sciences
Hamna Waqar,hamna.waqar211@gmail.com,+923321340932,Indus University,Marketing
Muhammad Ahmed Raza,mahmedraza9029@gmail.com,+923183200596,Iqra University (IU),BSCS
Farah Nadeem,nadeemfarah137@gmail.com,+923278878213,Superior University,BSCS(computer science)
Bilad Mehmood,mehmoodbilad@gmail.com,+923119405552,University of Swabi,Computer Science
Abdul Rehman,abdulrehmaniamking@gmail.com,+923193599585,University of Sindh (UOS),Software engineering
Muhammad Shahnawaz,mshahnawaz1453@gmail.com,+923194655893,University of Engineering and Technology (UET),Computer science
Zaid Raza,zahidraza0542@gmail.com,+923167651790,University of Mianwali,Software engineering
Zaid Raza,zahidraza0542@gmail.com,+923167651790,University of Mianwali,Software engineering
Sajal Tauqeer,tauqeersajal@gmail.com,+923310320648,Bahria university karachi,BBA
Khoula Fatima,khoulahaqnawaz75@gmail.com,+923301259589,National University of Modern Languages (NUML),Computer engineering
Mahnoor Khan,madeeha111222@gmail.com,+923149566560,Quaid-i-Azam University (QAU),Computer Science
Muhammad Saad,saadsaddique370@gmail.com,+923036542453,Muhammad Nawaz Sharif University of Agriculture (Multan) (MNSUAM),Computer Science
Zeeshan Ahmad,z.ahmad2003x@gmail.com,+923109803584,Abdul Wali Khan University Mardan (AWKUM),Computer science
Safia Raza,cmind4280@gmail.com,+923322559027,Dawood University of Engineering and Technology (DUET),BSCS
Abdul Manan,abma959595@gmail.com,+923000937893,COMSATS University (Islamabad),Computer Science
Rimsha Zulfiqar,rymshashyekh@gmail.com,+923346733340,Fatima Jinnah Women University (FJWU),communication and media studies
Muhammad Haroon Rasheed,haroonrasheed1611@gmail.com,+923141803778,Virtual University of Pakistan,Software engineering
Hamdia Muskan,hamdiamuskan@gmail.com,+923193423611,Rawalpindi Women University,Information Technology
Muskan,fatimahanihanikhan@gmail.com,+923110068565,Women University (SWABI),Bs English
Abdullah,abdullahkhanmuhammad97@gmail.com,+923322534049,Shaheed Benazir Bhutto University (SBBU),Information Technology
Samreen Zia,samreenziaahmed@gmail.com,+923185023212,Fatima Jinnah Women University (FJWU),BS Software Engineering
Attiya Rehman,attiyarehman000@gmail.com,+923331966517,Fatima Jinnah Women University (FJWU),Educational leadership and management
Areeba Mahnoor Fatima,areebamahnoor71@gmail.com,+923375010842,Fatima Jinnah Women University (FJWU),Software Engineering
Ayesha Rehan,421ayesharehan@gmail.com,+923195706607,Fatima Jinnah Women University (FJWU),Computer Science
Muzamil Ahmed,muzamilbhayo5@gmail.com,+923256015602,Other / Not Listed,Artificial intelligence
Mueez Ahmed,mueezq132@gmail.com,+923043833023,Mehran University of Engineering and Technology (MUET),Telecommunications Engineering
Umm E Aimen,hotaje5010@dekpal.com,+923353015004,Fatima Jinnah Women University (FJWU),Software Engineering
Zainab,zainabzia.021@gmail.com,+923321800795,University of Management and Technology (UMT),BsAi
Sehrish Noor,sehrishnoor374@gmail.com,+923215669239,Fatima Jinnah Women University (FJWU),Software Engineering
Malaika Zahoor,malaikazahoor008@gmail.com,+923321366618,Fatima Jinnah Women University (FJWU),Computer Science
Sadam Hussain,sadambhai7812@gmail.com,+923130304004,"Muhammad Nawaz shareef university of agriculture,multan",Computer science
Mazna Ilyas,maznailyas5@gmail.com,+923021095030,"Federal Urdu University of Arts, Sciences & Technology (FUUAST)",BBA
Iqra Faisal Khan,iqrafaisalkhan04@gmail.com,+923493858357,Fatima Jinnah Women University (FJWU),Business Administration
Noor Ul Haq,khannoorkz123@gmail.com,+923133211559,Government College University Hyderabad (GCUH),Computer Science
Milhan khaliq,khaliqrana203@gmail.com,+923207065213,International Islamic University Islamabad,International Islamic University Islamabad
Manahil Rehman,manahilrehman42200@gmail.com,+923001215735,University of Mianwali,Computer Science
Sabra Bibi,kaneezefatimasa10@gmail.com,+923454814151,University of agriculture Faisalabad,Mathematics
Areeba Asif Abbasi,asifabbasiareeba@gmail.com,+923008737955,DHA Suffa University,Cs (Se)
Amna,anuamna330@gmail.com,+923234114188,The University of Lahore (UOL),BSSE
Mr Danish Khan,danishtaimor090@gmail.com,+923409436233,Abdul Wali Khan University Mardan (AWKUM),BS Computer Science
Khadija Malik,malikkhadija2006@gmail.com,+923197079186,Fatima Jinnah Women University (FJWU),Software Engineering
Ayesha,ayesh.techie@gmail.com,+923182379167,Begum Nusrat Bhutto Women University (Sukkur),Computer Science
Mamoon Ur Rasheed,mamoongondal09@gmail.com,+923487048441,University of Sargodha,Software Engineering
Sana Khawar,ahtishamkhawaro8@gmail.com,+923024594255,University of the Punjab,B.com
Ghulam Murtaza,gm971046@gmail.com,+923211096023,Bahauddin Zakariya University (BZU),Business Economics
HaFiz Muhammad Ahsan Amin,ahsanamin.marketing@gmail.com,+923188346657,Al kahf institute,Marketing
mughisa tul islam,ejazsabiha6@gmail.com,+923269424201,University of the Punjab,mathematics
Abdul Wasay,abdulwasay0506@gmail.com,+923295235677,University of Mianwali,Computer science
fizza Jameel,fizzajameel54@gmail.com,+923119074166,Fatima Jinnah Women University (FJWU),Commerce
Zainab Zaidi,zaidizainab467@gmail.com,+923341256096,NED University of Engineering and Technology (NEDUET),Computational Finance
Syed Tabish Shah,syedtabishshah8@gmail.com,+923348154542,DHA Suffa University,CS
Muhammad Usman,usmanhussnain@gmail.com,+923056191082,Government College University (GCU),BS-IT
Hamna Javeed,hamnajaveed1@gmail.com,+923442397998,NED University of Engineering and Technology (NEDUET),BS physics
Syed Wasif Masood,syedwasif2050@gmail.com,+923269245120,Dawood University of Engineering and Technology (DUET),BS-CY
Syeda Rida Zainab,aw879795@gmail.com,+923328625865,Fatima Jinnah Women University (FJWU),International Relations
Sitara Shaikh,sitarashaikh950@gmail.com,+923357265554,Usman Institute of Technology (UIT),Computer Science
Muteeba jamil,muteebasiddiqui01@gmail.com,+923477404551,University of Gujrat,Computer science
Bisma,bismaimranali6@gmail.com,+923192772968,Jinnah University for Women,Computer Science and Software engineering
AHMAD,malikahmadawan30000@gmail.com,+923037958066,University of Managment and Technology (Sialkot),Software Engineering
Samra Tahir,maliksamra023@gmail.com,+923140532808,Fatima Jinnah Women University (FJWU),BS Economic and Finance
Hafsa Imran,hafsaimran2024@gmail.com,+923355725573,Fatima Jinnah Women University (FJWU),Environmental sciences
Hafiza Faiza Hina,hafizafaizahina11@gmail.com,+923120802142,Jinnah University for Women,Computer Science
Umair Ahmed Siddiqui,prof.umair.siddiqui@gmail.com,+923102413898,Hamdard University,BE Computer Systems Engineering
Rehan Ilyas,rehanilyas20196@gmail.com,+923101515568,Bahria University,Bahria University
Zarwasham Lodhi,zarwasham.lodhi2005@gmail.com,+923365493022,NED University of Engineering and Technology (NEDUET),Petroleum Engineering
Bushra Ashraf Bhatti,23-22411-015@se.fjwu.edu.pk,+923235123399,Fatima Jinnah Women University (FJWU),Software Engineering
Syed Muhammad Ibrahim Ali,ialiibra2@gmail.com,+923366049652,Dawood University of Engineering and Technology (DUET),BSCS
Faraz Ahmed,farazq484@gmail.com,+923163120577,Dawood University of Engineering and Technology (DUET),BSCS
Umehani,umehaniqaimkhani@gmail.com,+923472526605,NED University of Engineering and Technology (NEDUET),Civil department
Aiman Majeed,aimenmajeed541@gmail.com,+923701973528,University of Mianwali,Computer Science
Usman Ali,usmanali23882@gmail.com,+923467438131,Riphah International University,Software Engineering
sadaf farhad,sadaffarhad14@gmail.com,+923340767855,Allama Iqbal Open University (Islamabad),BBA
Savera naz,sawerasheikhjee@gmail.com,+923431284624,Shaheed Zulfikar Ali Bhutto Institute of Science and Technology (SZABIST),Bscs
DAYA NAND,nandd1224@gmail.com,+923448123042,Mehran University of Engineering and Technology (MUET),Software Engineering
Mirza Wajahat Baig,wajahatbaig232@gmail.com,+923179661487,Dawood University of Engineering and Technology (DUET),Bscs
Sana Fayyaz,sanamalik71527@gmail.com,+923246300334,Superior University,Bs computer science
M.Daniyal Ismail,daniyalismail19@gmail.com,+923355577990,Dawood University of Engineering and Technology (DUET),computer science
Muhammad Usman,usmananees040@gmail.com,+923306007684,Muhammad Nawaz Sharif University of Agriculture (Multan) (MNSUAM),IT
Nayab,nayabhussain1255tunio@gmail.com,+923213669946,Shaheed Zulfikar Ali Bhutto Institute of Science and Technology (SZABIST),computer Science
Anshirah Qureshi,anshirahqureshi@gmail.com,+923335526655,Shaheed Zulfikar Ali Bhutto Institute of Science and Technology (SZABIST),Computer science
Abdul Waris,therealabdulwaris@gmail.com,+923083476744,Dawood University of Engineering and Technology (DUET),Computer Science
Syed Mazin Imran,mazinimran2004@outlook.com,+923341120399,Dawood University of Engineering and Technology (DUET),CS
Abdullah Shahid,silentaura.7071@gmail.com,+923044918707,Superior university,BSIT
Muhammad anus,mmemonanas8@gmail.com,+923322247664,Dawood University of Engineering and Technology (DUET),Computer system engineering
Yasmeen khan,yasdg8@gmail.com,+923428164838,Baltistan University,Computer science
Hunain Ahmed,hunainahm6@gmail.com,+923322097571,Dawood University of Engineering and Technology (DUET),BS Computer Science
Muhammad Bilal,bilalbadami9@gmail.com,+923053535544,University of Sargodha,Mass communication
Syed Aalay Hussain,syedaalayhussain14@gmail.com,+923281432693,Superior University,Computer Science
Mahira,bscs2312423@szabist.pk,+923240421440,Shaheed Zulfikar Ali Bhutto Institute of Science and Technology (SZABIST),Computer science
Syed Jawad Ul Hassan,syedjawadulhassan9@gmail.com,+923331042956,Sir Syed University Of Engineering And Technology,Software Engineering
Syed Alyan Tariq,alyantariq76@gmail.com,+923343247533,Dawood University of Engineering and Technology (DUET),BS CS
Syeda Muskan,msyeda415@gmail.com,+923161340656,University of Sindh (UOS),AI
Amina Saif,amnasaif015@gmail.com,+923159156377,Air University,BS Cyber Security and Forensics
Roohama Imran,roohama4620170@cloud.neduet.edu.pk,+923103504833,NED University of Engineering and Technology (NEDUET),Textile Science
Muneeb Baig,muneebwithai@gmail.com,+923340320144,Dawood University of Engineering and Technology (DUET),Bachelor of science in Artificial Intelligence
Mutahira Batool,mutahirabatool110@gmail.com,+923428679572,University of Managment and Technology (Sialkot),Software Engineering
Abeeha Shabbir,abeeham500@gmail.com,+923184814035,Emerson University (Multan),it
Ghulam Mustafa,bscs2512250@szabist.pk,+923422319565,Shaheed Zulfikar Ali Bhutto Institute of Science and Technology (SZABIST),Bs computer science
Rijab Naeem,rijabsheikh29w@gmail.com,+923193916746,NED University of Engineering and Technology (NEDUET),Civil engineering
Sarah Shad,sarahshad.27@gmail.com,+923039914088,COMSATS University (Islamabad),Computer Science
Mazhar Iqbal,mazhardashti1@gmail.com,+923253007881,Karachi university,Political science
Taanis Zahra,syedataanisshahhamdani@gmail.com,+923115190684,Fatima Jinnah Women University (FJWU),Software Engineering
Chanchal,chanchalratnani123l@gmail.com,+923358299117,DHA Suffa University,BS Computer Science
Muhammad Hamza,hamzaejaz3136@gmail.com,+923017085320,Comsats University Islamabad Wah Campus,Computer Science
Eraj Fatima,erajeraj1414@gmail.com,+923005166474,Fatima Jinnah Women University (FJWU),BIOINFORMATICS
Zonia Tariq,zoniacheema668@gmail.com,+923211347270,University of Management and Technology (UMT),BSCS-KUST
Aleena Ikhlaq,aleenaikhlaq005@gmail.com,+923465376862,Fatima Jinnah Women University (FJWU),Bachelor in business Administration
Saniya Khan,sk3991684@gmail.com,+923340030999,Usman Institute of Technology (UIT),Computer Science
Shahid Ali,me.shahid.officials@gmail.com,+923087619534,Other / Not Listed,Bs AI
Syed Sulaiman,smsulaiman.6379@gmail.com,+923200599377,Beaconhouse National University (BNU),Computer Science
Qurat Ul Ain,quratulaintahir25@gmail.com,+923493405160,Air University,Artificial Intelligence
Emaan Shahid,emaanshahidbajwa04@gmail.com,+923444070508,University of Central Punjab (UCP),Computer Science
Hamza Habib Khan,humxahabib@gmail.com,+923129125874,University of Agriculture Peshawar,Information Technology
Muskan Malik,muskanmalik8838@gmail.com,+923272962804,Sukkur Institute of Business Administration (Sukkur IBA University),BE Computer Systems Engineering
Hira Muhammad Din,hiram.din21@gmail.com,+923344645519,Ziauddin University,Pharmacy
Ammara Ashraf,ama729704@gmail.com,+923431054862,PMAS-Arid Agriculture University (Rawalpindi),Biotechnology
MUNTASHA SAMOO,muntashasamoo@gmail.com,+923335687871,Salim Habib University (SHU),Bachelor's of Computer Science
Muhammad Kashan Talha,tgenious6@gmail.com,+923117352695,Gcuf,BSCS
Um E Atiya,umeatiya1.23bba013@bnbwu.edu.pk,+923163319344,Begum Nusrat Bhutto Women University (Sukkur),Management science and technology ( BBA in finance)
Sukaina Jannat,javedzain0099@gmail.com,+923706327208,Riphah International University,Software Engineering
Muhammad Saad,zahidsaad65@gmail.com,+923042001060,NED University of Engineering and Technology (NEDUET),CIS
Ambreen Fatima,ambreenfatima472@gmail.com,+923079516295,University of Mianwali,Political Science
Momina Jamil,mominabhatti@gmail.com,+923223091198,Bahria University,BS (Robotics & Intelligence Systems)
Aleezay Imran,alizeimran95@gmail.com,+923487803388,Fazaia Bilquis College Of Education For Women PAF Base Nur Khan RWP,Cmputer Science
Aneela Altaf,aneela.altaftech@gmail.com,+923296264069,The Islamia University of Bahawalpur (IUB),AI
Abeera Fatima,abeerafatima2024@gmail.com,+923313921815,NED University of Engineering and Technology (NEDUET),Economics and Finance
Areeba Ilyas,areebailyas909@gmail.com,+923211398672,COMSATS University (Islamabad),Psychology
Tanzila Anwar,tanzeelaanwar252@gmail.com,+923405030401,Government College University (GCU),English
Abdul hadi abbasi,abbasiabdulhadi060@gmail.com,+923203609159,National University of Modern Languages (NUML),computer science BSCS
ABDUL RAFAY,abdulrafayabdul2@gmail.com,+923022951365,NED University of Engineering and Technology (NEDUET),applied physics
Saadia Asghar,saadianigah@gmail.com,+923159127771,Ghulam Ishaq Khan Institute of Engineering Sciences and Technology (GIKI),Data Science
Agha Hassan Mavia,aghahassan847@gmail.com,+923292295804,Mohammad Ali Jinnah University,Computer Science
Laraib Malik,hh2999720@gmail.com,+923328904767,Govt Viqar -un- Nisa College,IT
Muhammad Asif,asifmianasif09@gmail.com,+923067563543,Government College University faisalabad (GCU),Finance
Saleha Baig,salehabaig2@gmail.com,+923130458783,Mehran University of Engineering and Technology (MUET),Artificial intelligence
Hadia Ayaz Butt,hadiabutt4002@gmail.com,+923364503640,University of Managment and Technology (Sialkot),BS Artificial intelligence
Mohammad Kumail Asghar,mkumail7860@gmail.com,+923328041069,Shaheed Zulfikar Ali Bhutto Institute of Science and Technology (SZABIST),Computer Science
Rabab Ashraf,rababarian18@gmail.com,+923352046438,NED University of Engineering and Technology (NEDUET),Economics and finance
Saba Junaid,sabajunaid146@gmail.com,+923153164210,Virtual University of Pakistan,Computer Science
Areeba Shafiq,areebashafiq275@gmail.com,+923329020653,Fatima Jinnah Women University (FJWU),Computer Arts
Syeda Madina Fatima,madinafatima08@gmail.com,+923156705238,Allama Iqbal Open University,BS English
Amna Amir,aamnaxyz84@gmail.com,+923710665902,Fatima Jinnah Women University (FJWU),Robotics and AI
Areeba Iftik,areebayyy20@gmail.com,+923359435538,Fatima Jinnah Women University (FJWU),Communication and media studies
Syed Muneeb Haider,24019065030@skt.umt.edu.pk,+923436084275,University of Managment and Technology (Sialkot),Software Engineering
Muhammad shayan khan,shayan7khan21@gmail.com,+923334640668,Kohat University of Science and Technology (KUST),computer science
Shumaila kousar,shumailakousar.bbaf22@iba-suk.edu.pk,+923702534075,Sukkur Institute of Business Administration (Sukkur IBA University),Bussiness/ HRM major
M Abdullah Sohail,e.muhammadabdullahsohail@gmail.com,+923290277989,University of Engineering and Technology (UET),Computer Science
Maham Qaiser,qaisermaham439@gmail.com,+923275501644,Bahria University,Artificial intelligence
Malik Abdul Moiz,moizmalik757@gmail.com,+923708490445,Sir Syed University of Engineering and Technology (SSUET),Software Engineering
Muhammad Ismail,ismailaftab658@gmail.com,+923243103422,Sir Syed University of Engineering and Technology (SSUET),Business And Information Technology
Zunairah Masroor Shaikh,zunairahshaikh11@gmail.com,+923085072417,Sir Syed University of Engineering and Technology (SSUET),AC&ES/ BS-DATA SCIENCE
Abdulahad Warraich,abdulahadwarraich.web@gmail.com,+923000479696,COMSATS University (Islamabad),Computer Science
Tayyab Ali,tayyabali78013@gmail.com,+923363125494,Sir Syed University of Engineering and Technology (SSUET),Software Engineering Technology
shamseen bibi,shamseensyeda7@gmail.com,+923422669586,Sir Syed University of Engineering and Technology (SSUET),computer engineering
Syed Shafay bin Shahid,shfy789@gmail.com,+923341240233,Sir Syed University of Engineering and Technology (SSUET),Computer Engineering
yashal Yousuf,yousufyashal047@gmail.com,+923249804667,Sir Syed University of Engineering and Technology (SSUET),Telecommunication Engineering
Muhammad zabir Uddin,zabiruddin15@gmail.com,+923319991156,Sir Syed University of Engineering and Technology (SSUET),computer Science
Muhammad Rohail Qureshi,rohailmrq002@gmail.com,+923196549570,Sir Syed University of Engineering and Technology (SSUET),Business information technology
Muhammad Aish,aishmuhammad388@gmail.com,+923021200598,Sir Syed University of Engineering and Technology (SSUET),Software Engineering
Laiba Sheikh,labiasheikh39@gmail.com,+923198633467,Emerson University (Multan),BS IT
Muhammad Hassan Khan,mhassankhan.36@iiee.edu.pk,+923412550483,Other / Not Listed [Institute of Industrial Electronics Engineering (IIEE)],Industrial Electronics
Masooma Ansari,masoomaansari480@gmail.com,+923405241636,National University of Modern Languages (NUML),BS psychology
Areesha Shakeel,arishashakeel00@gmail.com,+923351284810,Sir Syed University of Engineering and Technology (SSUET),software engineering
Dua Mirza,duamirza000@gmail.com,+923003564737,Sir Syed University of Engineering and Technology (SSUET),Cyber Security
M.Mubashir ur Rehman,rehmanmubashir186@gmail.com,+923118339490,Sir Syed University of Engineering and Technology (SSUET),cloud computing
Aafia Uzair,aafiauzair1@gmail.com,+923323765175,Sir Syed University of Engineering and Technology (SSUET),BS-Cloud Computing & Information Sciences
TOOBA SAHAR,toobasahar371@gmail.com,+923131214090,Sir Syed University of Engineering and Technology (SSUET),Software Engineering
muhammad roshaan,muhammadroshaan1127@gmail.com,+923158246881,Sir Syed University of Engineering and Technology (SSUET),Bachelors of Computer Science
Mahboob Ali,mahboobalilaghari1976@gmail.com,+923041976417,Aror University Sukkur,AI
Muhammad Daniyal Khan Yousufzai,daniyal2005z@gmail.com,+923363447260,Dawood University of Engineering and Technology (DUET),Telecommunication Engineering
Abiha Omer,abihaomer6@gmail.com,+923343210548,Sir Syed University of Engineering and Technology (SSUET),Software engineering
TAHIR AZAD,khantahirazad@gmail.com,+923109559039,Khushal Khan khattak university karak,Computer science
ANABIA AFAQ,aanabia.afaq@gmail.com,+923306156058,Institute Of Industrial Electronics Engineering,industrial electronics
Maliha siddique khan,malihasiddiquekhan@gmail.com,+923178573558,Sir Syed University of Engineering and Technology (SSUET),BS-CYS
AMNA MUMTAZ,aamnaa.mumtazz@gmail.com,+923115316237,"International Islamic University, Islamabad (IIUI)",BSSE
Zainab adnan,zainabb.adnannn@gmail.com,+923329954338,COMSATS University (Islamabad),Computer Engineering
Zainab,z3227703267@gmail.com,+923107785520,University of Jhang,BSCS
Hafiz Muhammad Ahtisham,ahtishamkamil67@gmail.com,+923308312693,Sir Syed University of Engineering and Technology (SSUET),Software Engineering
Ravish Fatima,raavishfaatimaa6@gmail.com,+923092944200,National College of Business Administration and Economics (NCBA&E),Accounting and finance
AmnaAurangzeb,amnaaurangzeb95@gmail.com,+923115029387,COMSATS University (Islamabad),Cs
Muhammad Asadullah,asadkhanzada230@gmail.com,+923120269595,NED University of Engineering and Technology (NEDUET),INSTITUTE OF INDUSTRIAL ELECTRONIC ENGINEERING
Muhammad Abubakar Zafar,abubakarzafar940@gmail.com,+923108141282,National Textile University (NTU),Software engineering
Muhammad Ammar,muhammadammarbcs@gmail.com,+923471627226,"International Islamic University, Islamabad (IIUI)",Computer Science
Muhammad Uzair Aslam,muzairaslam001@gmail.com,+923100661872,Namal University (Mianwali),Business Administration
Muzammil Mustafa,muzammilmustafa696@gmail.com,+923147426499,Other / Not Listed,Computer Science
Mahnoor Zaffar,1999mahnoor@gmail.com,+923340136203,National University of Sciences and Technology (NUST) (Islamabad),"SINES, Computational engineering"
Eman Fatima,emanf4693@gmail.com,+923271088450,The Islamia University of Bahawalpur (IUB),Zoology
Kheta Ram,khetarambajeer101@gmail.com,+923363822641,Dawood University of Engineering and Technology (DUET),BS Data Science
Sadia Irfan,sadiairfan0011@gmail.com,+923154860605,The Islamia University of Bahawalpur (IUB),Artificial intelligence
Aneeza,aneeza732@gmail.com,+923126981517,Fatima Jinnah Women University (FJWU),Compter Science
Habiba Asif,habibaasif604@gmail.com,+923141927521,University of Haripur,IT
Huzaifa Bin Sabeeh,huzaifasabeeh99@gmail.com,+923222264721,Sir Syed University of Engineering and Technology (SSUET),Software Engineering
Muhammad rehan,khadrehan2016@gmail.com,+923116220459,Buitmes,Computer engineering
Umaymah Zahid,zumaima90@gmail.com,+923362379141,NED University of Engineering and Technology (NEDUET),BS economics and finance
Ijaz Ahmad,chijazgujjar76@gmail.com,+923019294143,University of Sargodha,Allied Heath sciences
Mahnoor Fatima,bc230425989mfa@vu.edu.pk,+923097204148,Virtual University of Pakistan,IT
ALI SHEIKH,iamalisheikh2005@gmail.com,+923312596682,Sir Syed University of Engineering and Technology (SSUET),BS Data Science
Syed Muhammad Ashman,syedashmanmumtaz@gmail.com,+923372113410,Sir Syed University of Engineering and Technology (SSUET),Data Science
Muhammad Umar Khan,umarkhanno212@gmail.com,+923318906057,Sir Syed University of Engineering and Technology (SSUET),Cyber Security
Aleesha Bibi,aleshakazmi59@gmail.com,+923558179664,Fatima Jinnah Women University (FJWU),Economics
Iraj Riaz,irajwaheed03@gmail.com,+923193722457,Sir Syed University of Engineering and Technology (SSUET),software Engineering
Faraz Ahmed,farazrana170@gmail.com,+923062619039,Dawood University of Engineering and Technology (DUET),Artificial intelligence
Muhammad Aliyan Anwar,muhammadaliyan299@gmail.com,+923042144314,Sir Syed University of Engineering and Technology (SSUET),Computer Engineering
Noor-ul-ain,noorulainzafar@gmail.com,+923352564393,Bahria University,Supply chain management
AMNA KHALID,amnakhalid8791@gmail.com,+923254114397,University of the Punjab,Computer science
Yashfeen Raza,yashfeenraza18@gmail.com,+923002281755,NED University of Engineering and Technology (NEDUET),Computer System Engineering
Muhammad Sabeel,sabeelchattal@gmail.com,+923343701135,University Of Engineering And Technology Taxila,Computer Engineering
Rabya Samman,rabiasamman38@gmail.com,+923068854622,University of the Punjab,BSCS
Muhammad Faizan Ali,faixanakhtar568@gmail.com,+923168708631,University of Sargodha,Computer Science
ANAMTA,siddiquianamta974@gmail.com,+923363860341,Sir Syed University of Engineering and Technology (SSUET),Computer Engineering
sabih ahmed,sabihahmed265@gmail.com,+923303978045,Sir Syed University of Engineering and Technology (SSUET),Information Technology
Zaid Khan,zaidkhann428@gmail.com,+923172825260,Sir Syed University of Engineering and Technology (SSUET),Information Technology
Rasba Mazhar,rasbamazhar6@gmail.com,+923090139477,Air University,Computer Science
Muteeba jamil,muteebasiddiqui01@gmail.com,+923477404551,University of Gujrat,Computer Science
Faizan Ahmed,ahmedanalyst8001@gmail.com,+923702692407,Dawood University of Engineering and Technology (DUET),BS Artificial Intelligence
Hannia Khan,haniak41234@gmail.com,+923273186707,Dawood University of Engineering and Technology (DUET),Data Science
Shayan Aamir,shayanaamir32@gmail.com,+923353414231,Sir Syed University of Engineering and Technology (SSUET),Software Engineering
Sameen Fatima,fatimasameen414@gmail.com,+923218334686,The Islamia University of Bahawalpur (IUB),Software Engineering
Syed Zain Ul Abideen Naqvi,zainsyedzain426@gmail.com,+923190927210,University of Wah,Computer Engineering
Gourave Kumar,gouravlohana5234@gmail.com,+923353346471,Muhammad Ali Jinnah University (MAJU),BSCS
Saiba Fatima,fatimakhan232006@gmail.com,+923286125554,The Women University (Multan),Computer Science
Abis Hussain syed,syesdsddabis98@gmail.com,+923272128957,Abdul Wali Khan University Mardan (AWKUM),sd
Abis Hussain syed,syesdsdabis98@gmail.com,+923254789654,Abdul Wali Khan University Mardan (AWKUM),cs
Falak Muhammad,falakmuhammad132@gmail.com,+923160121357,Indus University,Human Resources
Muhammad Saad,m.saad11102@gmail.com,+923372526433,Dawood University of Engineering and Technology (DUET),Computer science
Saira,saira24568@gmail.com,+923447640528,University of Engineering and Technology (UET),BBIT (Software Engineering)
M. Arham Anwar,arhamanwar331m@gmail.com,+923071243392,Dawood University of Engineering and Technology (DUET),Data science
Ishba Sohail,ishbasohail@gmail.com,+923168829532,Virtual University of Pakistan,Bs Computer Science
Umaiza Waseem,umayzawaseem27@gmail.com,+923155727140,Fatima Jinnah Women University (FJWU),Software Engineering
Muhammad Suleman Rashid,sulemanrashid115@gmail.com,+923082924125,Sir Syed University of Engineering and Technology (SSUET),Computer engineering
Abdul Basit,chabdulbasit06@gmail.com,+923207584903,University of Okara,Bs Data Science
Muhammad Mudasir Shaikh,muhammadmudasirshaikh.bbaddf24@iba-suk.edu.pk,+923197029880,Sukkur Institute of Business Administration (Sukkur IBA University),BBA
Arisha Saeed,areeshasaeed040@gmail.com,+923133732775,Sir Syed University of Engineering and Technology (SSUET),Computer Science
Khadija kubra,khadijakubramehboob@gmail.com,+923223131936,Sir Syed University of Engineering and Technology (SSUET),Business and information technology
Tehreem Ellahi,tehreemellahi958@gmail.com,+923325292007,Fatima Jinnah Women University (FJWU),Research studies
Sofia Shahid,sofiafiles99@gmail.com,+923022103709,University of Chakwal,Chemistry
Malaika Afzal,meerabafzal3981@gmail.com,+923074771399,Information Technology University,IT
Kinza Ishtiaq,kinzaishtiaq009@gmail.com,+923086479839,Fatima Jinnah Women University (FJWU),Finance
yashfeen,yashshaikh2010@gmail.com,+923333900244,Abdul Wali Khan University Mardan (AWKUM),computer science
Samreen Channa,samreenaliakbarchanna@gmail.com,+923022469520,Shaheed Benazir Bhutto University (SBBU),BBA
Falak Muhammad,falakmuhammad132@gmail.com,+923160121357,Indus University,Human resources
Abdullah,abdullahoncampus@gmail.com,+923012157694,Bahria University,Software Engineering
Deeba Batool,deebabatool192@gmail.com,+923175633619,Fatima Jinnah Women University (FJWU),BCA/Graphic Design
Sai Srinivas Reddy,saisrinivasreddy456@gmail.com,+923778013337,Vignans lara,Cse
Iraj Khatoon,iraj.rajpoot.2kc@gmail.com,+923423587482,University of the Punjab,BBA
Muhammad Muneeb ul Hassan,muhammadmuneebulhassan1635@gmail.com,+923286970232,Ghulam Ishaq Khan Institute of Engineering Sciences and Technology (GIKI),Management Sciences
Muhammad Aman Fasihe,amanfasihe059@gmail.com,+923140175105,The Islamia University of Bahawalpur (IUB),Artificial Intelligence
Muhammad Saleem,parachasaleem316@gmail.com,+923367817099,Sir Syed University of Engineering and Technology (SSUET),Computer engineering
Abdul Basit Abbasi,abdulbasitabbasi040@gmail.com,+923107061024,Sir Syed University of Engineering and Technology (SSUET),Civil Engineering
Zauraiz Rao,zauraiz79@gmail.com,+923364758254,Sir Syed University of Engineering and Technology (SSUET),Information Technology
Hasnain tariq,hhasnaintariq618@gmail.com,+923253371875,Sir Syed University of Engineering and Technology (SSUET),Civil Engineering
Bisma Mirza,bismamirza73@gmail.com,+923346662312,Sir Syed University of Engineering and Technology (SSUET),BS Computer Networks & Security
Masooma Fatima,ainulhudachand@gmail.com,+923054808730,The Women University (Multan),Bs IT
Daniyal Khalid,daniyal7k6@gmail.com,+923161263991,Sir Syed University of Engineering and Technology (SSUET),Computer Science
Uzair Anwar,uzairranwar@gmail.com,+923017518594,University of Mianwali,Computer Science
Muhammad Arsalan Zahid,muhammadarsalanzahid69@gmail.com,+923192426105,Sir Syed University of Engineering and Technology (SSUET),Computer Engineering
Zainab Tahir,3zainabtahir@gmail.com,+923290178350,Ghulam Ishaq Khan Institute of Engineering Sciences and Technology (GIKI),Software engineering
Wara Sohail,bywarasohail@gmail.com,+923702478043,Sir Syed University of Engineering and Technology (SSUET),BBA
Syed Muhammad Hashir,syedhashir7578@gmail.com,+923360183938,Sir Syed University of Engineering and Technology (SSUET),Computer Science
H,h@yopmail.com,+923264449654,Dawood University of Engineering and Technology (DUET),Cs
Samia Sultana,samiaroy66@gmail.com,+923328514352,Fatima Jinnah Women University (FJWU),Computer Science
Muhammad Naveed Ul Hassan,naveed02207@gmail.com,+923281256909,University of Education (Lahore),Information Sciences
Zoya hulio,zoyahulio.bscsf24@iba-suk.edu.pk,+923312693910,Sukkur Institute of Business Administration (Sukkur IBA University),Computer Science
Sania Sayed,syedasaniashah54@gmail.com,+923439775846,Sukkur Institute of Business Administration (Sukkur IBA University),Computer science
Ilsa Asif,ilsaasif8@gmail.com,+923302380120,Sir Syed University of Engineering and Technology (SSUET),Computer engineering
Shaheer Ahmed,mshaheerahmed22@gmail.com,+923002830360,Sir Syed University of Engineering and Technology (SSUET),Computer engineering
Muhammad bilal,m.bilal8981@gmail.com,+923070371145,Bahauddin Zakariya University (BZU),Computer science
Mahnoor Asim,mahnoorasim126@gmail.com,+923076109118,University of Managment and Technology (Sialkot),Computer Science
Naveed Fateh,naveedfateh34@gmail.com,+923101805300,Sukkur Institute of Business Administration (Sukkur IBA University),BE Computer Systems Engineering
Neeha Feroz,neehaferoz573@gmail.com,+923475470789,Quaid-i-Azam University (QAU),English
Laiba Shaikh,laiba.s2026@gmail.com,+923113417846,Sukkur Institute of Business Administration (Sukkur IBA University),Computer Science
Rimsha Gul,gulrimsha35@gmail.com,+923281031159,COMSATS University (Islamabad),Computer science
Maryam Malick,maryammalick249@gmail.com,+923190009073,NED University of Engineering and Technology,Telecommunications Engineering
Shiza Mubashir,shizamubashir99@gmail.com,+923330435594,COMSATS University (Islamabad),Computer Science
Qirat,qiratmughal010@gmail.com,+923708143806,Government College University (GCU),Computer science
Ahsan Ali Bhagat,ahsanalibhagat.cs@gmail.com,+923192551274,Sukkur Institute of Business Administration (Sukkur IBA University),Computer Science
Ghulam Mustafa Khizar,gmkhizar9@gmail.com,+923209609931,PMAS-Arid Agriculture University (Rawalpindi),Computer Science
Malaika Fatima,malaikafatima99@gmail.com,+923112696605,University of Karachi (UOK),Actuarial science and Risk management
Malika Fatima,malikafatima225@gmail.com,+923112696224,University of Karachi (UOK),Actuarial Science and Risk Management
Huzaifa Ahmed Bhutto,xtylishbhutto580@gmail.com,+923292108027,Sindh Agriculture University,Computer science
UMAIR KHALID,malikumairkhalid2@gmail.com,+923097652433,Lahore Leads University,Computer Science
Aiman Adnan,adnanaiman552@gmail.com,+923233012775,Sir Syed University of Engineering and Technology (SSUET),B.TECH SOFTWARE ENGINEERING
Aqsa Dahri,aqsadahri23@gmail.com,+923052996983,Shaheed Zulfikar Ali Bhutto Institute of Science and Technology (SZABIST),BBA
Mudhamma Aziz,mudhammaajmal@gmail.com,+923242803065,University of Karachi (UOK),Pharmacy
Anisha,anishalund4@gmail.com,+923170370759,DHA Suffa University,Computer Science
Zahra Ejaz,ejazzahra107@gmail.com,+923273363696,Sir Syed University of Engineering and Technology (SSUET),CS
muhammad Hassan,hassanrajpoot1705@gmail.com,+923172956664,Sir Syed University of Engineering and Technology (SSUET),Computer science
Ali Hassan Ashraf,ali.hassan.ashraff@gmail.com,+923040054615,The Islamia University of Bahawalpur (IUB),Robotics
rayyan ahmad zahid,rayyanaz101@gmail.com,+923444904774,The University of Lahore (UOL),Bscs
Sajjad Khan,sajjadkhan78456@gmail.com,+923084061484,University of Central Punjab (UCP),Software engineering
MaHam Habib,rajpoot423993@gmail.com,+923206004150,Government College University (GCU),Computer science
Aymen Shaheen,shaheenayman786@gmail.com,+923491865991,Jinnah University for Women,Math
Syeda Hurain Riaz,syedahurain96@gmail.com,+923373971608,Sir Syed University of Engineering and Technology (SSUET),BBA
Taha Amanat,tahaamanat966@gmail.com,+923702935633,DHA Suffa University,CS
Muhammad Salman,mughals200333@gmail.com,+923004105747,Minhaj University Lahore,BSCS
Taha Fayyaz,tahafayyaz356@gmail.com,+923312381234,Bahria University,Bachelors in Computer Science
Eman Khanzada,emaankhanzada04@gmail.com,+923115922130,University of Haripur,Chemistry
Saif Ullah,saifiits007@gmail.com,+923057090959,Other / Not Listed,Artificial Intelligence
Kashaf Fatima,i245583@isb.nu.edu.pk,+923122699693,National University of Computer and Emerging Sciences (FAST-NUCES),Financial Technology
Lovish Kumar,klovesh80@gmail.com,+923450334118,Sindh Madressatul Islam University (SMIU),Artificial Intelligence
Muhammad Izhan Siddiqui,ikgrscorporation@gmail.com,+923353815070,Hamdard University,Cyber security
Farwa Asad,belleliza.x@gmail.com,+923437818872,Abdul Wali Khan University Mardan (AWKUM),Computer Science
Khoula Fatima,khoulahaqnawaz75@gmail.com,+923301259589,National University of Modern Languages (NUML),Bsce
Hira hameed bibi,hira48051@gmail.com,+923195244416,Fatima Jinnah Women University (FJWU),Bs anthropology
Wajiha Saleem,fatimawajiha46@gmail.com,+923340322728,University of Engineering and Technology (UET),Electrical Engineering
Natalia Atif,Nataliaatif144@gmail.com,+923019444553,University of Engineering and Technology (UET),"(bachelor's in business and information technology),IBM"
Ayesha Noor,ayeshaanoor25@gmail.com,+923190677669,Ziauddin University,Pharmacy
AREEBA MANSOOR,areeba.dm052@gmail.com,+923316712934,Iqra university,COMPUTER SCIENCE
Syed Sharjeel Ahmed Rizvi,sharjeelriz24@gmail.com,+923242103602,Sir Syed University of Engineering and Technology (SSUET),Bachelor of Business & Information technology
Aimash Waheed,aimashwaheed76@gmail.com,+923313369009,Shaheed Zulfikar Ali Bhutto Institute of Science and Technology (SZABIST),BSAI
Muhammad Jawad Khan,muhammmadjawad010@gmail.com,+923218143095,COMSATS University (Islamabad),Bachelor in Software Engineering
Aiman Imran,aymanimran812@gmail.com,+923132345459,Hamdard University,bscs
Hamia Khalil,hamiakhalil287@gmail.com,+923020448628,University of Central Punjab (UCP),BS Computer Science
Muhammad Talha Muqaddam,muqaddamtalha2@gmail.com,+923359250542,Muhammad Nawaz Sharif University of Agriculture (Multan) (MNSUAM),Computer science
Muhammad Rehan,rehanakramtcg@gmail.com,+923016460333,University of Engineering and Technology (UET),Bs Artificial Intelligence
Syed Ruhaan Ali Kazmi,ruhaankazmi@gmail.com,+923217005615,Sir Syed University of Engineering and Technology (SSUET),BS Data Science
Haseeb Alam,haseeb.rajpoot9931@gmail.com,+923390223234,COMSATS University (Islamabad),Computer science
Altaf Ahmed,altafahmed.ujjan@gmail.com,+923080193708,University of Sindh (UOS),BBA (Hons)
Ali Nawaa,alinwz256@gmail.com,+923360241324,"Aror university of Art ,Architecture,Design and Heritage",Artificial Intelligence
Alisha Shaikh,alishashyk122@gmail.com,+923352325989,Sir Syed University of Engineering and Technology (SSUET),Bs in computer networks and security
Ahtisham Ul Haq,ahtishamu414@gmail.com,+923079536861,University of Management and Technology (UMT),Computer Science
Muzamil Asghar,muzamalasghar47@gmail.com,+923063328018,PMAS-Arid Agriculture University (Rawalpindi),Software Engineering
Falak,falakmuhammad132@gmail.com,+923160121357,Indus University,Human Resources
Sitara Shaikh,sitarashaikh950@gmail.com,+923357265554,Usman Institute of Technology (UIT),Computer Science
Tasleem Imtiaz,tasleemimtiaz85@gmail.com,+923142180542,Iqra University (IU),BBA
Laiba Khalil,laibakhalil26@gmail.com,+923320957091,Muhammad Ali Jinnah University (MAJU),Bsse
MuskanSohail,muskansohail266@gmail.com,+923367892608,Government college womens university fasilabad,Nutritional sciences
Syeda rida zanib bukhari,syedaridazanib616@gmail.com,+923296713864,SE college,IT
Muhammad Shayan Ullah,shayanullah.9753@gmail.com,+923343914479,Shaheed Benazir Bhutto University (SBBU),BS in Computer Science
Aiman Shabbir,hudaaakhan456@gmail.com,+923269868987,Others,Software engineering
Aliya Batool,batoolaliya490@gmail.com,+923223716227,Fatima Jinnah Women University (FJWU),BCA/Game design
Muhammad Zeeshan,malikzeeshan3.1417@gmail.com,+923406525171,The Islamia University of Bahawalpur (IUB),Artificial Intelligence
Safa Shakeel,safaganatra103@gmail.com,+923249224016,Indus University,FMS
Anamta,anamtayaseen5@gmail.com,+923296061632,"Government college women university, Faisalabad",Applied Psychology
Muhib khan,muhibkhan.0246@gmail.com,+923340272410,Sir Syed University of Engineering and Technology (SSUET),computer engineering
Teesha Kumari,teeshakumari.bscsf23@iba-suk.edu.pk,+923063218695,Sukkur Institute of Business Administration (Sukkur IBA University),Computer science
SUFI ALI QUTIB ZOHAIB,sufialiqutibzohaib.bssef23@iba-suk.edu.pk,+923093732110,Sukkur Institute of Business Administration (Sukkur IBA University),Computer Science
Muqaddas Aslam,muqaddasalam21@gmail.com,+923282370198,DHA Suffa University,Bs software engineering
Muhammad Osama osama khan,osamadraftman@gmail.com,+923363634353,Sir Syed University of Engineering and Technology (SSUET),Architecture
Masooma Fatima,ainulhudachand@gmail.com,+923054808730,The Women University (Multan),Bs IT
Abdul rehman,mabdulf64@gmail.com,+923260781519,Riphah International University,BSSE
Daniyal Waseem,daniyalwaseem420@gmail.com,+923140064658,Superior University,BSCS
NOOR UL AIN ZAHID,noorulainzahidofficial@gmail.com,+923269604154,COMSATS University (Islamabad),Business Data Analytics
aqsa kanwal,aqsaakanwal81@gmail.com,+923124455639,University of Veterinary and Animal Sciences (Lahore),Food science and technology
Mehak Nasir,nasirmehak06@gmail.com,+923344845384,University of Agriculture (UAF) (Faisalabad),Bs Information Technology
Samia Mehreen,samiamehreen.2000@gmail.com,+923462873798,Jinnah University for Women,Software engineer
Aiman Iqbal,aimaniqbalkhan0@gmail.com,+923295196886,Fatima Jinnah Women University (FJWU),English
Anisa Gul Fatima,fatimaanisa398@gmail.com,+923302310149,Dawood University of Engineering and Technology (DUET),Computer Science
Malik Umer,umer37275@gmail.com,+923157351502,Sir Syed University of Engineering and Technology (SSUET),Architecture
Ghulam Fatima,fatimakamboo422@gmail.com,+923157152678,"International Islamic University, Islamabad (IIUI)",Usuluddin (Islamic studies)
Abdul Latif,abdullatifabro1947@gmail.com,+923302183339,University of Karachi (UOK),Criminology
Abdul Ahad,abdulahad132005@gmail.com,+923429443691,University of Malakand,Bs computer science
Gul E Lala Khan,sheheryarkhanshereryarkhan@gmail.com,+923172358574,University of Karachi (UOK),English
Muhammad,muhammmadm2003@gmail.com,+923323390480,Iqra University (IU),Business Analytics
Hafsa Noor,hafsanoor.abc123@gmail.com,+923173688022,Sukkur Institute of Business Administration (Sukkur IBA University),computer Science
Muhammad Hassaan,muhammadhassaan5679@gmail.com,+923092785913,Benazir Bhutto Shaheed University,BSIT
Alishba yousaf,alishbayousaf242@gmail.com,+923700500850,Other / Not Listed viqar UN nisa graduate college for women Rawalpindi,It
Muhammad Yasir,yasirjamali154@gmail.com,+923009242440,University of Sindh (UOS),Economics
Abdul Samad,ab.samadkk8888@gmail.com,+923397888420,University of Sindh (UOS),Computer science
Javeria Ayub,jiyaaaa6882@gmail.com,+923013114049,Government College University Faisalabad(GCUF),Computer Science
Syeda Falak,syedafalak00@gmail.com,+923143071772,National University of Modern Languages (NUML),Computer engineering
Sami Ullah,samiullah524khan@gmail.com,+923485286627,National University of Modern Languages (NUML),Software engineering
Javeria Yasin,yjaveria3@gmail.com,+923224154788,National University of Computer and Emerging Sciences (FAST-NUCES),Software Engineering
Mahnoor Sharif,mahnoorsharif509@gmail.com,+923150821678,Bahria University,BS(IT)
Ayaz Ali,ayazujjan36@gmail.com,+923081864879,University of Sindh (UOS),Commerce
Dania Imran,daniaimran93@gmail.com,+923355761884,University of Mianwali,BS-IT
hareem khan,hareemkhan.spsc3.6016@gmil.com,+923131479956,Sir Syed University of Engineering and Technology (SSUET),software engineering
sabeen tahir,sabeen.tahir555@gmail.com,+923128606979,Ziauddin University,Software engineering
Muhammad Hussain Usman,mhussainusman@gmail.com,+923002256039,National University of Computer and Emerging Sciences (FAST-NUCES),SE
Muhammad Hasaan,mhasaanthebo@gmail.com,+923173439571,Indus University,Computer science
Muhammad Abdul Moiz,abdulmoiz8675@gmail.com,+923353331301,Muhammad Nawaz Sharif University of Agriculture (Multan) (MNSUAM),BS Information Technology
Muhammad Umer Malik,umermalik2004@gmail.com,+923343765878,Shaheed Zulfikar Ali Bhutto Institute of Science and Technology (SZABIST),Computer Science
Raja Nawab,rajashahani911@gmail.com,+923152383440,Dawood University of Engineering and Technology (DUET),Computer science
Muhammad Abdullah,abdullahhere0812@gmail.com,+923332209966,SS CASE IT,BSCS
Agha Ahmad Khan,aghaahmedkhan16@gmail.com,+923093962448,Dawood University of Engineering and Technology (DUET),Cybersecurity
Anas Khalid,anaskhalid658@gmail.com,+923310255955,DHA Suffa University,Data Science
Iffah Qadeer,Iffahqadeer977@gmail.com,+923264372727,University of Management and Technology (UMT),Bs computer engineering
ALI HAMZA,alihamza18075@gmail.com,+923233845859,Sir Syed University of Engineering and Technology (SSUET),Computer Engineering
Mustqeem khuwaja,mustaqeemkhuwaja29@gmail.com,+923347554680,Dawood University of Engineering and Technology (DUET),Computer Science
Buland Bakhat,whymahar97@gmail.com,+923251097097,University of the Punjab,Bbit
Shafey Ahmed Alvi,shafeyalvi6@gmail.com,+923258962371,Sindh Madressatul Islam University (SMIU),Software engineering
Aaisha Kalwar,aaishamujeeb43@gmail.com,+923113499025,Begum Nusrat Bhutto Women University (Sukkur),Computer Science
Sana Imran,sanaimranofficial13@gmail.com,+923218731599,Iqra University (IU),Computer Science
Muhammad Ali,me.muhammadali621@gmail.com,+923358109161,DHA Suffa University,Cs
Manahil Rehman,manahilrehman42200@gmail.com,+923001215735,University of Mianwali,Computer Science
Saira Shehzadi,sairashehzadi46@gmail.com,+923044601409,University of the Punjab,IT/CS
Abrar Hassan,a27630790@gmail.com,+923463079573,Lahore Leads University,BS  IT
Bilawal Naeem,bilawalnaeem556@gmail.com,+923355715315,Institute of Management Sciences,Accounting & Finance
Manahil Inam,mahiinam776@gmail.com,+923168614559,DHA Suffa University,Computer science
Zaeem Danish,zaeemdanish786@gmail.com,+923215084738,University of Mianwali,BS Software Engineering
Muhammad Rehan,raorehan0921@gmail.com,+923036468621,Muhammad Nawaz Sharif University of Agriculture (Multan) (MNSUAM),CS
Syeda Sabahat Batool Kazmi,s3406419@gmail.com,+923145487502,Fatima Jinnah Women University (FJWU),Business Administration
Kashaf Batool,kashafbatool069@gmail.com,+923269054032,Muhammad Nawaz Sharif University of Agriculture (Multan) (MNSUAM),BS Data science
Sumaiya Ehsan,sumaiyaahsan786151@gmail.com,+923070402084,Fatima Jinnah Women University (FJWU),English
Muhammad Suffiyan,muhammadashan7861@gmail.com,+923360220193,DHA Suffa University,Data Science
Parshant Kumar,parshantmaheshwari935@gmail.com,+923332722423,Shaheed Zulfikar Ali Bhutto Institute of Science and Technology (SZABIST),Computer science
Fiza Noor,fizzydar123@gmail.com,+923428742344,University of Management and Technology (UMT),BSCS
Muhammad Hamza,jalalkhan00029@gmail.com,+923236670245,National University of Modern Languages (NUML),Computer science
Mehreen Tahir,mehreentahir148@gmail.com,+923165943841,University of Chakwal,Computer science
Kashif Zamir Dessi,kashifzamir110@gmail.com,+923471103139,Iqra University (IU),BE Electrical Engineering
Altaf Ahmed,altafahmed.ujjan@gmail.com,+923080193708,University of Sindh (UOS),BBA
Emaan Shah,emaanshah0206@gmail.com,+923132504190,NED University of Engineering and Technology (NEDUET),Management sciences
Nazish Raheem,haseeb934rj@gmail.com,+923225043967,Virtual University of Pakistan,BS Software Engineering
Nazish Raheem,haseeb934rj@gmail.com,+923225043967,Virtual University of Pakistan,BS Software Engineering
Syed Muhummad Faizan,syedmuhummadf@gmail.com,+923121264480,Hamdard University,Computer Science
Amna Gondal,amna3648321@gmail.com,+923331503648,Fatima Jinnah Women University (FJWU),Business Administration
JAN SHER,jansherwazir915@gmail.com,+923085999193,University of Management and Technology (UMT),Computer Science
Muhammad Mohaimin Atta,mmohaimin07@gmail.com,+923290060186,Ghulam Ishaq Khan Institute of Engineering Sciences and Technology (GIKI),Management Science
Saifullah,safeesaifullah313@gmail.com,+923063232555,National University of Modern Languages (NUML),English UGS
Syeda Mahrou Noor,mahrou.noor@gmail.com,+923331335330,SKANS,ACCA accounting and audit
Kamran Hyder,kamranhyder757@gmail.com,+923223825981,Mehran University of Engineering and Technology (MUET),Artificial Intelligence
arbab khatoon,arbabkhatoon152@gmail.com,+923262142274,Dawood University of Engineering and Technology (DUET),cyber security
Muhammad Khalil,khalilmuhammad355@gmail.com,+923469185864,Allama Iqbal Open University (Islamabad),Supply Chain Management
Farah Nadeem,mn1039284@gmail.com,+923278878213,Superior University,BSCS(computer science)
Paras Naz,parasshahani75@gmail.com,+923089856353,Dawood University of Engineering and Technology (DUET),Cyber security
Muhammad Saad Khan,m.saadkhan4777@gmail.com,+923349285444,Hamdard University,FEST
Muhammad Furqan,bhutta.furqan9@gmail.com,+923098291732,Muhammad Nawaz Sharif University of Agriculture (Multan) (MNSUAM),Computer Science/ CS
Rahmat Hussain,rahmat170052@gmail.com,+923476982022,Abdul Wali Khan University Mardan (AWKUM),Computer science
Tanzila Younas,tanzilayounas23@gmail.com,+923287856590,Namal University (Mianwali),BBA
Sanjana lokwani,sanjanadileeplokwani@gmail.com,+923342469842,Shaheed Zulfikar Ali Bhutto Institute of Science and Technology (SZABIST),Accounts and finances
Farwa Ansari,ansarifarwa5@gmail.com,+923118843080,Institute of Chartered Accountants of Pakistan (ICAP),Accounting and Finance
Mehik Batool,mehikbatool99@gmail.com,+923197378729,Ziauddin University,DPT
Syeda zunairah Ashraf,szunairahashraf@gmail.com,+923367722355,Allama Iqbal Open University (Islamabad),BBA
Aafaque  Ali,aafaquealiranjhani5@gmail.com,+923060331660,University of Sindh (UOS),BBA
Anzar Ahmed,anzarahmed670@gmail.com,+923197931541,Sir Syed University of Engineering and Technology (SSUET),Computer Engineering
Umaima Zainab,umaimazainab429@gmail.com,+923288318005,The Islamia University of Bahawalpur (IUB),Artificial intelligence
Talha Shahzad,talhashahzadjutt@gmail.com,+923097666375,University of Sahiwal,software engineering
Muhammad Ali Meer,alimeer9121@gmail.com,+923362125110,Dawood University of Engineering and Technology (DUET),Data Science
Talha Shahzad,talhashahzadjutt@gmail.com,+923097666375,University of Sahiwal,software engineering
Areeba Sarwar,03174264270a@gmail.com,+923174264270,University of the Punjab,CS
Abis Hussain syed,syedabis98@gmail.com,+923256789654,Abdul Wali Khan University Mardan (AWKUM),cs
Abis Hussain syed,syedabis98@gmail.com,+923362507270,Air University,adsa
MUHAMMAD ASIM,masim85103@gmail.com,+923169303923,NED University of Engineering and Technology (NEDUET),Software Engineering
DataCrumbs,noreply.datacrumbs@gmail.com,+923259876543,Abdul Wali Khan University Mardan (AWKUM),ds
Abis Hussain syed,syedabis98@gmail.com,+923256897532,Abdul Wali Khan University Mardan (AWKUM),cs
Zainab,z3227703267@gmail.com,+923107785520,University of Jhang,Computer Science
ABUBAKAR HAIDER MALIK,abubakarhaidermalik707@gmail.com,+923301819171,National University of Technology (NUTECH),Computer Engineering
Eman Zaheer,ezaheer84@gmail.com,+923099734809,Virtual University of Pakistan,SOFTWARE ENGINEERING
Abis Hussain syed,syedabis98@gmail.com,+923256897642,Abdul Wali Khan University Mardan (AWKUM),vdf
Sahil Kumar,sahilmakhija872@gmail.com,+923000816564,DHA Suffa University,Computer w
Abis Hussain syed,syedabffis98@gmail.com,+923569865786,Abdul Wali Khan University Mardan (AWKUM),cd
Abis Hussain syed,syedabis98@gmail.com,+923256897652,Abdul Wali Khan University Mardan (AWKUM),cs
Amina Mukhtar,24019065018@skt.umt.edu.pk,+923134093819,University of Managment and Technology (Sialkot),Software engineering
Bareera gull durrani,durranibareera@gmail.com,+923295477626,Fatima Jinnah Women University (FJWU),Education
zunaira wasti,zunairawasti018@gmail.com,+923318342271,paf kiet,Software Engineering
Zain Ul Abideen,zainulabideenab9@gmail.com,+923099437237,University of Engineering and Technology (UET),Data sciecne
Takyi Rhoda Akua,takyirhoda10@gmail.com,+923544936733,University Of Health And Allied Sciences,Public Health Nutrition
Ayaz Ali,ayazalijamali7478@gmail.com,+923262408161,University of Sindh (UOS),Bachelor of business administration
M SAIF M HANIF,msaifmhanif54@gmail.com,+923222896658,Sir Syed University of Engineering and Technology (SSUET),Cloud computing
Muhammad Sheraz,sherazrajpout101@gmail.com,+923194254957,Riphah International University,Computer Science
Muhammad Zark Nehal,mzark2003@gmail.com,+923354029993,DHA Suffa University,Computer science/ Data Science
Kainat Fatima,kainatf359@gmail.com,+923012664388,Sir Syed University of Engineering and Technology (SSUET),Computer engineering
Tanzeel Ahmed,tanzeelkhan2299@gmail.com,+923196714457,DHA Suffa university Karachi,Computer science
Khizrah javed,javedkhizrah9@gmail.com,+923269451441,University of homeecnomics,Cs &It
Danial Ahmed,danny.ahmed2005@gmail.com,+923152665319,"International Islamic University, Islamabad (IIUI)",Computer Science
Azmat Mehmood,azmatmehmood171@gmail.com,+923177788120,PMAS-Arid Agriculture University (Rawalpindi),CS-AI
Zayan Ahmed,zayanahmed165@gmail.com,+923282739131,Usman Institute of Technology (UIT),computer system engineering
Faaiz Ahmed,2005faaiz@gmail.com,+923202797793,Dawood University of Engineering and Technology (DUET),Artificial intelligence
Fawad Khan,fawadkhan3624202@gmail.com,+923424795225,University of Technology Nowshera,Computer science
Muhaddisa Batool,madhuuu526@gmail.com,+923435822119,Fatima Jinnah Women University (FJWU),Computer Science
Fareena Abdul Rauf,fareenanaz465@gmail.com,+923432613800,Benazir Bhutto shaheed university lyari,Computer Science
Muhammad Abubakar Zafar,abubakarzafar940@gmail.com,+923108141282,National Textile University (NTU),Software Engineering
Muhammad Junaid Hussain,junaidhussain686@gmail.com,+923313714582,DHA Suffa University,Computer Science
Dua Najam,duanajam102@gmail.com,+923308157629,Sir Syed University of Engineering and Technology (SSUET),BS Computer Engineering
Muhammad Rafay,rafay6839@gmail.com,+923112524075,Indus University,FMS
Musawir Zaman Shaikh,musawirzamanshaikh77@gmail.com,+923303816180,Shaheed Zulfikar Ali Bhutto Institute of Science and Technology (SZABIST),Computer science
Lal Bux,mariashiqhussain786@gmail.com,+923059182238,University of Sindh (UOS),Information Technology
Faizan Ahmed,faizanahmed200611@gmail.com,+923702393125,"Federal Urdu University of Arts, Sciences & Technology (FUUAST)",BSCS
Saba Azhar,sabaazhar626@gmail.com,+923700057925,University of the Punjab,BS IT
Sobia Imtiaz,sobiaimtiaz.216@gmail.com,+923181983243,University of the Punjab,Chemistry
Ghazala waris,ghazala.uetp@gmail.com,+923339506174,University of Engineering and Technology Peshawar (UET),Data Science
Zarnab Khalid,zarnabkhalid40@gmail.com,+923293626516,university of engneering and technology lahore,Artificial Intelligence
Zoya Afzal,zaafzal06@gmail.com,+923124261575,University of the Punjab,Bs in computer science
Sumaira,fsumaira564@gmail.com,+923293093925,Bahria University,Electrical
Fiza Siddique,ismaeelsahib032@gmail.com,+923156460450,University of the Punjab,Information Technology
Subh E Noor,subhn3218@gmail.com,+923111761428,University of Mianwali,Computer Science
Tayyaba Bibi,tayyabafayyaz408@gmail.com,+923162430683,Benazir Bhutto  University,IT
Aashir Kashif,aashirkashif217@gmail.com,+923378326039,NED University of Engineering and Technology (NEDUET),Management sciences
Isha Mushtaq,ishamushtaq55@gmail.com,+923493934477,Indus University,Computer science
KAMRAN HASSAN,kamranhassan0311@gmail.com,+923113513380,COMSATS University (Islamabad),BSE
Malaika Afzal,malaikaafzal9876@gmail.com,+923074771399,Information Technology University,IT
Hafiza Aqsa Zulfiqar,zulfiqaraqsa97@gmail.com,+923287336041,Muhammad Nawaz Sharif University of Agriculture (Multan) (MNSUAM),BSCS
Unzela Jamil,unzelijamil@gmail.com,+923002973038,NED University of Engineering and Technology (NEDUET),Economics and Finance
Syed John Raza Kazmi,razajohn33@gmail.com,+923323780016,Dawood University of Engineering and Technology (DUET),cs
Muhammad Azeem,muhamad.azeem.arain@gmail.com,+923070022639,Sukkur Institute of Business Administration (Sukkur IBA University),BBA marketing
Muhammad Abdullah Tariq,mkatsecond@gmail.com,+923214336881,Qarshi University,Computer Science
Muhammad Sheraz,sherazrajpout101@gmail.com,+923194254957,Riphah International University,Computer Science
Manahil Hareem,fa24b1-cs-055@fjwu.edu.pk,+923141738476,Fatima Jinnah Women University (FJWU),computer science
MURTAZA SOHAIL,murtazasohail483@gmail.com,+923114192546,Superior University,GRAPHICS DESIGN
Inam Raza,enamraza2@gmail.com,+923364370840,University of the Punjab,Information Technology
Rahul Kumar,rahulkumarrajpoot369@gmail.com,+923317762103,Shaheed Zulfikar Ali Bhutto Institute of Science and Technology (SZABIST),Computer Science
Muqaddas Shahbaz,muqaddasshahbaz222@gmail.com,+923279453862,University of Management and Technology (UMT),Computer science
Amna Mohsin,mohsinamna279@gmail.com,+923313749941,NED University of Engineering and Technology (NEDUET),Computer Science and IT
Deeya Zehra,deeyazehra13579@gmail.com,+923334745553,NED University of Engineering and Technology (NEDUET),Computational Finance
Bisma Abbasi,bismaabbasi279@gmail.com,+923232495297,NED University of Engineering and Technology (NEDUET),Computational Finance
Izza Sajjad,sm6901323@gmail.com,+923204006894,Fatima Jinnah Women University (FJWU),Chemistry
Ayaz Ali,ayazalijamali7478@gmail.com,+923262408161,University of Sindh (UOS),BBA
Alishma Gulam Rasool,alishmagulamrasool3317@gmail.com,+923705977082,University of the Punjab,BS IT
Zoya zia,zoyazia26@gmail.com,+923163738939,Sir Syed University of Engineering and Technology (SSUET),Cyber security
Ayaz Ali,ayazalijamali7478@gmail.com,+923262408161,University of Sindh (UOS),BBA
Narjis Fatima,narjisfatima761@gmail.com,+923708431884,NED University of Engineering and Technology (NEDUET),Computer Science
Maaz Ahmad,maazahmad11540@gmail.com,+923136774240,Khawaja Fareed UEIT,Data Science
Hamna Ali Khan,hamnaalikhann@gmail.com,+923112728019,NED University of Engineering and Technology (NEDUET),Computer Science and Information Technology
Timsal Hassan Pasha,timsalhassan534@gmail.com,+923078210983,The Islamia University of Bahawalpur (IUB),Software Engineering
Iqra Ishaq,iqraishaq1083@gmail.com,+923181531052,National University of Modern Languages (NUML),IT
Saad Ullah Malik,saadmalikm03@gmail.com,+923128499279,Sindh Madressatul Islam University (SMIU),Computer Science
Rehan Abdullah,rehanabdullah1705@gmail.com,+923323929491,Dawood University of Engineering and Technology (DUET),Computer science
Laiba Ijaz,aqsa.vu003@gmail.com,+923446216294,Virtual University of Pakistan,BSIT
Malaika Sohail,mkyousfzai75@gmail.com,+923209069955,Govt Girls Degree College Marghuz,English Language and Literature
Abdul Azeem,abdulazeemaa9000346@gmail.com,+923368035585,NED University of Engineering and Technology (NEDUET),Materials Engineering
Nauman Imtiaz,thenaumanimtiaz@gmail.com,+923322585330,Sir Syed University of Engineering and Technology (SSUET),Computer Engineering
Ayesha Abdul Salam,abdulsalamayesha7@gmail.com,+923710470970,University of the Punjab,Business and Information Technology
Shahla Abbasi,shahlaabbasi829@gmail.com,+923257220503,Shaheed Zulfikar Ali Bhutto Institute of Science and Technology (SZABIST),BSSE
Minal Saifullah Khan,minalkhanofficial23456@gmail.com,+923296632309,University of Management and Technology (UMT),Software engineering
Muhammad Ameen,meerameenbaloch01@gmail.com,+923346714982,Ghulam Ishaq Khan Institute of Engineering Sciences and Technology (GIKI),CIVIL ENGINEERING
Mahnoor,mahnoor.rajputt13@gmail.com,+923441512395,Air University,Cyber Security
Muneeb Anwer,muneebanwer94@gmail.com,+923182059277,Benazir Bhutto shaheed University Lyari,Information technology
Asiya liaquat,asiyaliaquatali@gmail.com,+923170252808,Emaan Institute of Management Sciences,Digital marketing
Hoorain Malik,hoorainmalik131@gmail.com,+923155552042,COMSATS University (Islamabad),computer science
Rumasa Hadia,rumasamughal172@gmail.com,+923228099547,superior University,IET
Maha Zafar,mahazafar335@gmail.com,+923206568183,University of the Punjab,BBIT
moazzma saqib shahzad,moazzma.saqibb@gmail.com,+923121307206,Sukkur Institute of Business Administration (Sukkur IBA University),bachelors of computer science
shivani,Shivo55batra@gmail.com,+923123269180,Sukkur Institute of Business Administration (Sukkur IBA University),Computer science
Kashish,kashish18426@gmail.com,+923093900014,DHA Suffa University,Artificial Intelligence
Esha Mustafa,eshamusta4fa@gmail.com,+923352316567,NED University of Engineering and Technology (NEDUET),Economics and management sciences
Muhammad Awais,awaisc71@gmail.com,+923217941718,University of Management and Technology (UMT),CS
Muhammad Saqib,muhammadsaqib4026@gmail.com,+923211616603,COMSATS University (Islamabad),Software Engineering
Muhammad Ishaque Asif,mirzaishaq402@gmail.com,+923190285299,University of Karachi (UOK),Biotechnology
Atif Rameez,atifsiyal580@gmail.com,+923242588172,Sukkur Institute of Business Administration (Sukkur IBA University),Computer Science
sanjina kumari,sanjinakumari334@gmail.com,+923142416855,Sukkur Institute of Business Administration (Sukkur IBA University),computer science
Hamna Asif,imhamnafj@gmail.com,+923360110371,Fatima Jinnah Women University (FJWU),Bachelors in Business Adminsitration
SYED MUBASHIR ALI,syedali24687@gmail.com,+923192003641,Sir Syed University of Engineering and Technology (SSUET),INFORMATION TECHNOLOGY
Muhammad Moiz Hassan,muhammadmoizhassan46@gmail.com,+923195129993,University of Peshawar,computer science
Muhammad Mahad Ahmad,muhammadma2006@gmail.com,+923214644889,COMSATS University (Islamabad),Electrical engineering
Tab E Haider,tbayhydr@gmail.com,+923214139738,COMSATS University (Islamabad),Electrical Engineering
SOHAIB SARWAR,bhatti000108@gmail.com,+923053373141,University of Education (Lahore),Math
Maria Tariq,mariagraphics558@gmail.com,+923166859625,University of layyah,Information Technology
Muhammad Bilal,bilalbadami9@gmail.com,+923053535544,University of Sargodha,Communication and media studies
Tuba waheed,tubawq@yahoo.com,+923302530550,University of Karachi (UOK),pharmacy
Filzah iftikhar,sardarni4941@gmail.com,+923491560280,National University of Modern Languages (NUML),Managment sciences
Khalil Ullah,gamerkhalil714@gmail.com,+923331493058,"Lasbela University of Agriculture, Water and Marine Sciences (LUAWMS)",Computer science
Syeda Shiza Asim,syedashiza90@gmail.com,+923368038039,University of Karachi (UOK),Pharmacy
Muhammad Danish,danishabbas03072169427@gmail.com,+923094748078,National University of Modern Languages (NUML),Computer science
Muskaan Tariq,muskaantariq782@gmail.com,+923327341152,Usman Institute of Technology (UIT),Computer Science
Hifza Ayaz,hifzaayaz460@gmail.com,+923701218480,University of Karachi (UOK),Public Administration
Zain,zain.here.63@gmail.com,+923287573860,University of the Punjab,IT
Muhammad Usman,musmanx80@gmail.com,+923006895778,Bahauddin Zakariya University (BZU),Electrical Engineering
Asmat Jabeen,asmijabeen82@gmail.com,+923339727018,Khadim Ali Shah Bukhari Institute of Technology (KASBIT),Business Administration
Rehan Tahir,rttahir507@gmail.com,+923172900971,Virtual University of Pakistan,Computer Science
Naima Irfan,naimairfan31@gmail.com,+923009533016,University of the Punjab,Computer science
Ume Kalsoom,kalsoomzahid39@gmail.com,+923278502085,University of the Punjab,computer science
Naeem Rehman,naeemshar127@gmail.com,+923043444434,Shaheed Benazir Bhutto University (SBBU),Bs IT
Neha Batool,nehabatoolzaidi5@gmail.com,+923309416589,Hamdard University,BSCS
Iman Ali,imana8537@gmail.com,+923149254744,Shaheed Zulfikar Ali Bhutto Institute of Science and Technology (SZABIST),Bs computer science
Mohsin Javed,mohsinjaved0719@gmail.com,+923355112247,National University of Modern Languages (NUML),Faculty of Engineering and Computing
Daniyal Tariq,daniyaltariq1402@gmail.com,+923199975293,National University of Modern Languages (NUML),Electrical Engineering and Computing
Syed Muhammad Shamikh Raza,asadaf092@gmail.com,+923452743120,Virtual University of Pakistan,BBit
Faryal Lund,samibaloch22445@gmail.com,+923192083361,Sukkur Institute of Business Administration (Sukkur IBA University),BBA
Kainat Murtaza,kainat120310@gmail.com,+923216686932,National Textile University (NTU),Software engineering
Taha Jamshed,m.tahajamshed11@gmail.com,+923237846376,University of Engineering and Technology (UET),Data Science
shivani,shivani.bsaif23@iba-suk.edu.pk,+923123269180,Sukkur Institute of Business Administration (Sukkur IBA University),computer science
Paresh Parkash,soniparesh348@gmail.com,+923353655201,Muhammad Ali Jinnah University (MAJU),BS-Computer Science
Muhammad Afnan,ak2717873@gmail.com,+923479256612,Gomal University,ICIT
Paresh Parkash,soniparesh348@gmail.com,+923353655201,Muhammad Ali Jinnah University (MAJU),BS (Computer Science)
Female,khadijasaeed471@gmail.com,+923086119668,Government College Women University Sialkot (GCWU),English Linguistics